{"properties": [
  {
    "name": "jwt.secretKey",
    "type": "java.lang.String",
    "description": "A description for 'jwt.secretKey'"
  },
  {
    "name": "jwt.secretKey",
    "type": "java.lang.String",
    "description": "A description for 'jwt.secretKey'"
  },
  {
    "name": "jwt.secretKey",
    "type": "java.lang.String",
    "description": "A description for 'jwt.secretKey'"
  },
  {
    "name": "jwt.secretKey",
    "type": "java.lang.String",
    "description": "A description for 'jwt.secretKey'"
  }
]}